{"x_means": [32.69753586622319, 225.95835002511032], "x_stds": [123.43959860732099, 61.46251906534839], "y_means": [0.04517411224919398, 0.9456970411413492], "y_stds": [1.4732878667103662, 2.384929391253936]}