{"x_means": [15.337936455988986, 503.46980242688846], "x_stds": [386.56478991722327, 210.2432027635449], "y_means": [1.8229649519983688, -0.045658138597892715], "y_stds": [3.2724545131022293, 3.135642223868629]}