{"x_means": [32.69753586622318, 225.95835002511078], "x_stds": [123.43959860732107, 61.46251906534841], "y_means": [0.04517411224919397, 0.9456970411413463], "y_stds": [1.4732878667103653, 2.3849293912539355]}