{"x_means": [9.806688829630684, 234.482341750148], "x_stds": [121.84662234625361, 56.53493161198371], "y_means": [0.019572895329299705, 0.17257512105863565], "y_stds": [1.2250225502767729, 2.211535435585926]}