{"x_means": [10.354890159955074, 234.74081092405305], "x_stds": [122.09353425960674, 56.798149963331525], "y_means": [0.017309242401378398, 0.18504616570193955], "y_stds": [1.2276396221901225, 2.2031341587343682]}